sample,arm,face,status,failure,identity_cosine,delta_ear_33,delta_ear_263,delta_mar,pose_difference_degrees,source_sha256,candidate_sha256,release_allowed
s01,yunet_context,0,candidate_measured,,0.1813011251106218,0.01752341199248908,0.013653229924189936,0.022497707837403097,3.677784528491583,5164e0d1200dfde80f3ac090199b93edf41e34b5b73be8bbe9529b75dce38424,064d89bcde4ea8d24a47e88257a84a1332e0c304bfc9ed78629c08b1254a4478,False
s01,retina_unaligned,,zero_detections_known_face_no_release,,,,,,,,,False
s01,retina_aligned,,zero_detections_known_face_no_release,,,,,,,,,False
s02,yunet_context,0,candidate_measured,,0.05459677610451763,0.009426664574211874,0.004107312456145484,0.013267252232075928,5.324843532688853,0ce1250d10268c835fe97a9ee8c39f2bdf5389f2efe921f6e2c3aaeb4453f9d4,26780feea1190937cbda4469903946d4e1cf5dc334ae049b86ff9cd3a8b87bb2,False
s02,yunet_context,1,failed,source_landmarks_missing,,,,,,,,False
s02,yunet_context,2,validation_indeterminate,,-0.07256892930217873,,,,,d7978b81fb92826f8d2cff9660c76f2bf50187f6f9ccbd97cf19cd50112683a6,53006173cb2db28979292c32e7c4f72ec1fec49a309b1f223b7ef34919c3828a,False
s02,retina_unaligned,0,candidate_measured,,0.09395928410231136,0.05057993274282924,0.047189084411138615,0.003378871955400077,2.963025894846716,e2b3372056bdcf410495705e259ae053fd400791738c671e61052b17ff7f9ae3,bebce4abcdd2b9e92057c27ebec66a4045a109c2aae33fd29a059569d9b2d9fc,False
s02,retina_unaligned,1,candidate_measured,,-0.1797992626082987,0.2917426970703404,0.07959343929063858,0.031889326268464836,22.78763547286233,d83bacdb4f0cc3b7237e652843b3eddd8593de017684a4e1c1e1a80bad2e7a25,ba2c943a87f0f57be5078a8439bf43c1bf2972c5ea851b0961063a038e14591b,False
s02,retina_aligned,0,candidate_measured,,-0.029061657257443585,0.030659434303203503,0.08073663262148456,0.00515276188620074,4.034621775644461,2a2b5fd269247eb84282a01e3a5b9d0ef69c2a3dbbcabfda52d6c8e64df0912a,61655516c109d9ea2593296758b67318c38a66353bd6a6b614b608eb624f689a,False
s02,retina_aligned,1,failed,source_landmarks_missing,,,,,,,,False
s03,yunet_context,0,candidate_measured,,0.09542185459395114,0.16059046718064268,0.3730154028247826,0.20456910320519217,18.749491268617554,b640a90a0255b165b3fe6da2b8fc5576650731bcc925b05f6a81958d58e8c83c,c0b50c84b6d1441df8de5b08f5f2e18cef334bf90e94f18898a8374b38b48fe4,False
s03,retina_unaligned,0,failed,source_landmarks_missing,,,,,,,,False
s03,retina_aligned,0,failed,source_landmarks_missing,,,,,,,,False
s04,yunet_context,0,failed,source_landmarks_missing,,,,,,,,False
s04,retina_unaligned,0,failed,source_landmarks_missing,,,,,,,,False
s04,retina_aligned,0,failed,source_landmarks_missing,,,,,,,,False
s05,yunet_context,0,candidate_measured,,0.12269030653033042,0.016971728127447572,0.003658831161412468,0.0015533997055880975,4.113217783985561,5f9eb26613bde23c17baf1f501b9b8f73e02091337fe58633b2f7ad3473c82d6,956cc27dab26c062fa1a97d4977cfb0532ea477d8a8bfdec4f7e8b7363c52ada,False
s05,retina_unaligned,0,candidate_measured,,0.21841158012534834,0.033615153445752666,0.005635512124908149,0.0014031761072598853,3.2137035225709067,a67238bcf8817cb98bf6e8850fcdb422ea848616334c8dd98b42c0ae3b72610a,512dd1bcb67548f277ae9fe68dc4385eef745fed01c503d487bb8d598405145a,False
s05,retina_aligned,0,candidate_measured,,0.1538964215723979,0.026868894163892154,0.004944216826748338,0.0006169209736424134,4.531857545095586,26104fbb0309f7fa32a9dd1cc086082395d6503733c7e0dfaf5b366a57758dc3,c883d23a31ca4a0b689bc8948c0a81323f38bd0c695bdc6d8927ec9e7bc93ede,False
s06,yunet_context,0,candidate_measured,,0.12115129506946687,0.08836199562527361,0.062137013501818245,0.11666207980847182,4.427711126498774,d943b35c12c29b18d01fdb111b4f40b4ab0784017306d05f39e653f074a29f83,3a07f7ab485368b2bde7c543f08b457ba2f3a5d5f11d2969cd6a7edabc371bcc,False
s06,retina_unaligned,0,failed,source_landmarks_missing,,,,,,,,False
s06,retina_aligned,0,failed,source_landmarks_missing,,,,,,,,False
s07,yunet_context,0,failed,source_landmarks_missing,,,,,,,,False
s07,retina_unaligned,,zero_detections_known_face_no_release,,,,,,,,,False
s07,retina_aligned,,zero_detections_known_face_no_release,,,,,,,,,False
s08,yunet_context,0,candidate_measured,,0.0373551864795445,0.06968724265694731,0.058029239261667864,0.10541783660514253,7.571915797270557,0bab91eca6f70c45454811210e09c9133fcde3db5c1810d30f8ccbf7743439bd,b8cc2438d602486c30175925146c676d70354968739841c7a3374f770297646b,False
s08,yunet_context,1,failed,source_landmarks_missing,,,,,,,,False
s08,retina_unaligned,0,failed,source_landmarks_missing,,,,,,,,False
s08,retina_unaligned,1,candidate_measured,,0.030252198608195613,0.009628302419119883,0.0003726175176955171,0.035903242869171736,1.6432732511704204,46ab5f5c2b3c07c616945aec62b127c248e50f2ca876aa4e52e320f2df892ab1,df5a3e6c65dea5b94bfc7aad36858195618c0e070848f8c5dacedea22977b375,False
s08,retina_aligned,0,failed,source_landmarks_missing,,,,,,,,False
s08,retina_aligned,1,candidate_measured,,0.02287951287416945,0.030255864399298588,0.07690127405049785,0.05686973123118105,1.9699038466923298,2d7bf1db0935d8d2e882ccf317d9c0dc3cc5fb9a075604ffe0f534b1fc2efb45,e2ba429b4fa48870ea67cc71cbe9e79c2fc7fc678c48b54508f1fb704d36f4be,False
s09,yunet_context,0,candidate_measured,,0.011812275181000587,0.0001523070551766731,0.09384111284732118,0.016084539616948446,5.8838068307287426,107ea96dfc28976420a5330642f6416ee9f1a5e5c66b82c50fb989e54226c3b0,238318a678d58c39a0a867c754363bdc0eb139caf10a6d4cb648513185f306c5,False
s09,retina_unaligned,0,candidate_measured,,0.17513513350297671,0.003159649932426206,0.0017066412352956528,0.016855900531749568,4.422573592638965,f6c263ad8d519a1a6ec16ea4d50908c5e1b4ba906365cc7e32983aff4655894a,0537ee425557b190c9aebb9fe68c21464d6e66e8cbc722260976e614f9dc3299,False
s09,retina_aligned,0,candidate_measured,,0.1856705542772943,0.03495911977595087,0.021185702425523367,0.019198975292380904,2.2945730175728474,aef4d485f21b62d191145416afbd834546efb343aa1320d4187bc206dd1502fa,849e02af162153443ef9e896cfbbe0cb58bf050768f893bc461469077a936d7a,False
s10,yunet_context,0,failed,source_face_too_small,,,,,,,,False
s10,yunet_context,1,failed,source_face_too_small,,,,,,,,False
s10,yunet_context,2,validation_indeterminate,,,0.050610596539352404,0.11796241558048845,0.0011204139411899322,20.87257850073764,ad5780c55f1c1b25fa458cfb9e3a1189fb7287ebda6a474cac3d3c0ccd9627a3,461a958e69b88c039ef0020a05d221b1ce3c38a7ef7777435184893ce6d8896c,False
s10,yunet_context,3,candidate_measured,,-0.04470606484983364,0.11786880498246585,0.13576036602568772,0.04105241630198211,3.711150391066002,fc3462349a25234c4d22cc30d0f8fda89d0ec69ffddd58ecd2a36f92e20d68b1,00f764a3d83d89232de3254f760aa315afc279aa6cb4f9536e8659210675f665,False
s10,retina_unaligned,0,failed,source_landmarks_missing,,,,,,,,False
s10,retina_unaligned,1,candidate_measured,,0.09670365704369033,0.19523399772137467,0.0882856542544112,0.0018050048982684863,2.608978988894713,6530ddab89f630759c339efd8030b19a354a1b3ffcdb804438a59d8103e48b79,1e36ff185f18c90931a65f5643709e7480e84914b64e3d94a6dd5b2e502453c2,False
s10,retina_aligned,0,failed,source_landmarks_missing,,,,,,,,False
s10,retina_aligned,1,candidate_measured,,0.1058319832077359,0.166064171568898,0.05414663193624353,0.006378591644266802,4.1502737549206365,00d25a94506b7192c8936888c9fdb5a7237629354da6409e72fac6ef96504c0c,8f09df83d4bfe0207ae22783e327362ab3d75bd51e3f5549908b77fcc75594a4,False
s11,yunet_context,0,candidate_measured,,0.08661074709016248,0.020912242079481558,0.12177526144043976,0.012877423206511671,5.958620239338919,f80ea335678541de89c98824d53234a5080a970413245abcdc45604a00129c8f,11045514ac1de15dc5435b624aa73d2ece26fb7362e4f52139de431ab67130ef,False
s11,retina_unaligned,0,failed,source_landmarks_missing,,,,,,,,False
s11,retina_aligned,0,failed,source_landmarks_missing,,,,,,,,False
s12,yunet_context,0,candidate_measured,,0.1362246394455724,0.024048602012771148,0.04261021838224685,0.020805586347586294,4.40201811666564,28170d5854c4d690cc252864ffddf030bfb849b9474c58dcaaa34f00983383bd,52eca7d79487e8248c4f5319c08c7dda4016092bd1ec09104743f0eff2665e9e,False
s12,retina_unaligned,0,candidate_measured,,0.014827237809186045,0.025600766432509026,0.0010167195438191001,0.030311388463162697,1.0638388525426692,a2fa3e79332d217a184eccc2ade66ff4776d9d570146506ee1fcb98830cde270,3f759cebc298fa381440f06c81ff4f70c7fe3c11216a47bcee76e855d1345a15,False
s12,retina_aligned,0,candidate_measured,,0.06946880507121023,0.028736694669915297,0.009920231730801754,0.01675787815904811,3.2544608304333504,0a7864ec9831de5a6e1466cc906aecdc0b8b6174e8464ec0a830a7bf8ae53486,4f9849f25e02db82f2691c450f6251df5e264829a84e8785b53b6def891550e0,False
s13,yunet_context,,zero_detections_known_face_no_release,,,,,,,,,False
s13,retina_unaligned,,zero_detections_known_face_no_release,,,,,,,,,False
s13,retina_aligned,,zero_detections_known_face_no_release,,,,,,,,,False
s14,yunet_context,,zero_detections_known_face_no_release,,,,,,,,,False
s14,retina_unaligned,,zero_detections_known_face_no_release,,,,,,,,,False
s14,retina_aligned,,zero_detections_known_face_no_release,,,,,,,,,False
s15,yunet_context,,zero_detections_known_face_no_release,,,,,,,,,False
s15,retina_unaligned,,zero_detections_known_face_no_release,,,,,,,,,False
s15,retina_aligned,,zero_detections_known_face_no_release,,,,,,,,,False
s16,yunet_context,0,candidate_measured,,0.045776047975778056,0.055863391396211604,0.0688428247856534,0.030606877268129384,3.381701427428592,2ffe01653a037a43d791387b66aa4136589b45a48071376be01ceadb170515d9,15f54ccc420c525e7b58eb5f828f7d81bc55b0b410af8bbe1d91686cb7a35d56,False
s16,yunet_context,1,failed,source_landmarks_missing,,,,,,,,False
s16,retina_unaligned,0,failed,source_landmarks_missing,,,,,,,,False
s16,retina_unaligned,1,candidate_measured,,-0.08045454775816197,0.01818734221546564,0.02023210260811753,0.04945761820643224,2.364168465659152,c91227659fa99f3bac9f244241a00b8a18565de1bdb42d73a0c654d0d09867c6,242e5a19b610e7da74c472b3f31aff2e0cb49b991a772d2c7f80923d1c142cf2,False
s16,retina_aligned,0,failed,source_landmarks_missing,,,,,,,,False
s16,retina_aligned,1,candidate_measured,,0.02722028768994278,0.008622180451808681,0.028568349287747763,0.07430988079392187,3.148481913188527,8a23c1af223a03abaa122e35f7a2e1f9e5cb95eea3c24df7844829943770d453,4e03827279c89caae462f00f400caa79e6022209c6f25d541183cd53e7e5b936,False
